{
  "properties": {
    "connectionReferences": {
      "shared_powerplatformforadmins_2": {
        "runtimeSource": "invoker",
        "connection": {
          "connectionReferenceLogicalName": "cat_CoEToolPowerPlatform"
        },
        "api": {
          "name": "shared_powerplatformforadmins"
        }
      },
      "shared_webcontents": {
        "runtimeSource": "invoker",
        "connection": {
          "connectionReferenceLogicalName": "cat_CoEToolHTTPwithAD"
        },
        "api": {
          "name": "shared_webcontents"
        }
      }
    },
    "definition": {
      "$schema": "https://schema.management.azure.com/providers/Microsoft.Logic/schemas/2016-06-01/workflowdefinition.json#",
      "contentVersion": "1.0.0.0",
      "parameters": {
        "$connections": {
          "defaultValue": {},
          "type": "Object"
        },
        "$authentication": {
          "defaultValue": {},
          "type": "SecureObject"
        },
        "CoE SPN Client ID (cat_CoESPNClientID)": {
          "defaultValue": "41e994b9-10c3-4c42-8657-1dc9e0a61ccd",
          "type": "String",
          "metadata": {
            "schemaName": "cat_CoESPNClientID",
            "description": "Client ID value of the COE Service Principal"
          }
        },
        "CoE SPN Secret (cat_CoESPNSecret)": {
          "defaultValue": " c-k8Q~wRz6WJ~zZa_alja.ZqaL49aMxCPtwZTcqk",
          "type": "String",
          "metadata": {
            "schemaName": "cat_CoESPNSecret"
          }
        },
        "CoE Tenant ID (cat_CoETenantID)": {
          "defaultValue": "1416d6eb-41ed-4f78-9b74-ebc0b294eba1",
          "type": "String",
          "metadata": {
            "schemaName": "cat_CoETenantID"
          }
        }
      },
      "staticResults": {
        "Create_Environment1": {
          "status": "Succeeded",
          "outputs": {
            "statusCode": "OK",
            "headers": {}
          }
        },
        "Create_CDS_Database0": {
          "status": "Succeeded",
          "outputs": {
            "statusCode": "OK",
            "headers": {}
          }
        },
        "Use_S2S_to_Set_Org_Domain_Name_and_Security_Group_Id1": {
          "status": "Succeeded",
          "outputs": {
            "statusCode": "OK",
            "headers": {}
          }
        },
        "Add_S2S_account_to_Environment0": {
          "status": "Succeeded",
          "outputs": {
            "statusCode": "OK",
            "headers": {}
          }
        }
      },
      "triggers": {
        "manual": {
          "metadata": {
            "operationMetadataId": "ef5b31c5-6e43-4eaf-8401-c1a6ac6cb0b7"
          },
          "type": "Request",
          "kind": "Button",
          "inputs": {
            "schema": {
              "type": "object",
              "properties": {
                "text": {
                  "title": "Environment Name",
                  "type": "string",
                  "x-ms-dynamically-added": true,
                  "description": "Please enter your input",
                  "x-ms-content-hint": "TEXT"
                },
                "text_1": {
                  "title": "Org Domain Name",
                  "type": "string",
                  "x-ms-dynamically-added": true,
                  "description": "Please enter your input",
                  "x-ms-content-hint": "TEXT"
                },
                "text_2": {
                  "title": "Security Group Id",
                  "type": "string",
                  "x-ms-dynamically-added": true,
                  "description": "Please enter your input",
                  "x-ms-content-hint": "TEXT"
                }
              },
              "required": [
                "text",
                "text_1",
                "text_2"
              ]
            }
          }
        }
      },
      "actions": {
        "Create_Environment": {
          "runAfter": {
            "Config_Data": [
              "Succeeded"
            ]
          },
          "metadata": {
            "operationMetadataId": "48b62d1a-9cb1-43fb-8f51-3b7ea1112aec"
          },
          "type": "OpenApiConnection",
          "inputs": {
            "host": {
              "connectionName": "shared_powerplatformforadmins_2",
              "operationId": "NewAdminEnvironment",
              "apiId": "/providers/Microsoft.PowerApps/apis/shared_powerplatformforadmins"
            },
            "parameters": {
              "api-version": "2020-05-01",
              "body/location": "asia",
              "body/properties/displayName": "@triggerBody()['text']",
              "body/properties/environmentSku": "Trial"
            },
            "authentication": {
              "type": "Raw",
              "value": "@json(decodeBase64(triggerOutputs().headers['X-MS-APIM-Tokens']))['$ConnectionKey']"
            }
          },
          "runtimeConfiguration": {
            "staticResult": {
              "staticResultOptions": "Disabled",
              "name": "Create_Environment1"
            }
          }
        },
        "Config_Data": {
          "runAfter": {},
          "metadata": {
            "operationMetadataId": "b1d98d5c-e0bd-4aaa-9a05-0444af0edd66"
          },
          "type": "Compose",
          "inputs": {
            "clientId": "@{parameters('CoE SPN Client ID (cat_CoESPNClientID)')}",
            "tenant": "@{parameters('CoE Tenant ID (cat_CoETenantID)')}",
            "secret": "@{parameters('CoE SPN Secret (cat_CoESPNSecret)')}"
          },
          "runtimeConfiguration": {
            "secureData": {
              "properties": [
                "inputs"
              ]
            }
          }
        },
        "Create_CDS_Database": {
          "runAfter": {
            "Create_Environment": [
              "Succeeded"
            ]
          },
          "metadata": {
            "operationMetadataId": "dd7bae16-c5e9-4107-a9b9-8efe46b928a4"
          },
          "type": "OpenApiConnection",
          "inputs": {
            "host": {
              "connectionName": "shared_powerplatformforadmins_2",
              "operationId": "ProvisionInstance",
              "apiId": "/providers/Microsoft.PowerApps/apis/shared_powerplatformforadmins"
            },
            "parameters": {
              "environment": "@outputs('Create_Environment')?['body/name']"
            },
            "authentication": {
              "type": "Raw",
              "value": "@json(decodeBase64(triggerOutputs().headers['X-MS-APIM-Tokens']))['$ConnectionKey']"
            }
          },
          "runtimeConfiguration": {
            "staticResult": {
              "staticResultOptions": "Disabled",
              "name": "Create_CDS_Database0"
            }
          }
        },
        "Use_S2S_to_Set_Org_Domain_Name_and_Security_Group_Id": {
          "runAfter": {
            "Add_S2S_account_to_Environment": [
              "Succeeded"
            ]
          },
          "metadata": {
            "operationMetadataId": "cd889968-b771-448e-9c99-b2e464827fc0"
          },
          "type": "Http",
          "inputs": {
            "method": "PATCH",
            "uri": "https://api.bap.microsoft.com/providers/Microsoft.BusinessAppPlatform/scopes/admin/environments/@{outputs('Create_Environment')?['body/name']}?api-version=2020-10-01",
            "headers": {
              "accept": "application/json",
              "content-type": "application/json"
            },
            "body": {
              "properties": {
                "linkedEnvironmentMetadata": {
                  "securityGroupId": "@{triggerBody()['text_2']}",
                  "domainName": "@{triggerBody()['text_1']}",
                  "backgroundOperationsState": "Enabled"
                }
              }
            },
            "authentication": {
              "type": "ActiveDirectoryOAuth",
              "authority": "https://login.microsoftonline.com",
              "tenant": "@{outputs('Config_Data')['tenant']}",
              "audience": "https://service.powerapps.com/",
              "clientId": "@{outputs('Config_Data')['clientId']}",
              "secret": "@{outputs('Config_Data')['secret']}"
            }
          },
          "runtimeConfiguration": {
            "staticResult": {
              "staticResultOptions": "Disabled",
              "name": "Use_S2S_to_Set_Org_Domain_Name_and_Security_Group_Id1"
            }
          }
        },
        "Ensure_Service_Principal_is_Registered_in_Platform": {
          "runAfter": {
            "Create_CDS_Database": [
              "Succeeded"
            ]
          },
          "metadata": {
            "operationMetadataId": "52f148ba-16e1-4a1c-a943-5b61a1d5bdae"
          },
          "type": "OpenApiConnection",
          "inputs": {
            "host": {
              "connectionName": "shared_webcontents",
              "operationId": "InvokeHttp",
              "apiId": "/providers/Microsoft.PowerApps/apis/shared_webcontents"
            },
            "parameters": {
              "request/method": "PUT",
              "request/url": "https://api.bap.microsoft.com/providers/Microsoft.BusinessAppPlatform/adminApplications/@{outputs('Config_Data')['clientId']}?api-version=2020-10-01",
              "request/headers": {
                "accept": "application/json"
              }
            },
            "authentication": {
              "type": "Raw",
              "value": "@json(decodeBase64(triggerOutputs().headers['X-MS-APIM-Tokens']))['$ConnectionKey']"
            }
          }
        },
        "Add_S2S_account_to_Environment": {
          "runAfter": {
            "Ensure_Service_Principal_is_Registered_in_Platform": [
              "Succeeded"
            ]
          },
          "metadata": {
            "operationMetadataId": "676bb1bb-201b-44e7-9210-0eac25ac291a"
          },
          "type": "OpenApiConnection",
          "inputs": {
            "host": {
              "connectionName": "shared_webcontents",
              "operationId": "InvokeHttp",
              "apiId": "/providers/Microsoft.PowerApps/apis/shared_webcontents"
            },
            "parameters": {
              "request/method": "POST",
              "request/url": "https://api.bap.microsoft.com/providers/Microsoft.BusinessAppPlatform/scopes/admin/environments/@{outputs('Create_Environment')?['body/name']}/addAppUser?api-version=2020-10-01",
              "request/headers": {
                "Accept": "application/json"
              },
              "request/body": "{ \"servicePrincipalAppId\": \"@{outputs('Config_Data')['clientId']}\" }"
            },
            "authentication": {
              "type": "Raw",
              "value": "@json(decodeBase64(triggerOutputs().headers['X-MS-APIM-Tokens']))['$ConnectionKey']"
            }
          },
          "runtimeConfiguration": {
            "staticResult": {
              "staticResultOptions": "Disabled",
              "name": "Add_S2S_account_to_Environment0"
            }
          }
        }
      }
    },
    "templateName": ""
  },
  "schemaVersion": "1.0.0.0"
}