{
  "properties": {
    "connectionReferences": {},
    "definition": {
      "$schema": "https://schema.management.azure.com/providers/Microsoft.Logic/schemas/2016-06-01/workflowdefinition.json#",
      "contentVersion": "1.0.0.0",
      "parameters": {
        "$authentication": {
          "defaultValue": {},
          "type": "SecureObject"
        },
        "CoE SPN Client ID (cat_CoESPNClientID)": {
          "defaultValue": "c2cdb7be-496a-4928-9ae5-d7cd229a302e",
          "type": "String",
          "metadata": {
            "schemaName": "cat_CoESPNClientID",
            "description": "Client ID value of the COE Service Principal"
          }
        },
        "CoE SPN Secret (cat_CoESPNSecret)": {
          "defaultValue": "PM68Q~alW1l-3nusdAb.n2q01UG-42dJc7wtddlj",
          "type": "String",
          "metadata": {
            "schemaName": "cat_CoESPNSecret"
          }
        },
        "CoE Tenant ID (cat_CoETenantID)": {
          "defaultValue": "6e3d858c-c14d-403d-a559-9721783d9a54",
          "type": "String",
          "metadata": {
            "schemaName": "cat_CoETenantID"
          }
        }
      },
      "triggers": {
        "manual": {
          "metadata": {
            "operationMetadataId": "d218c23a-3cd4-4e35-a8cb-667c79a9fa2c"
          },
          "type": "Request",
          "kind": "Button",
          "inputs": {
            "schema": {
              "type": "object",
              "properties": {
                "text": {
                  "title": "OrgUrl",
                  "type": "string",
                  "x-ms-dynamically-added": true,
                  "description": "Please enter your input",
                  "x-ms-content-hint": "TEXT"
                },
                "text_1": {
                  "title": "UPN",
                  "type": "string",
                  "x-ms-dynamically-added": true,
                  "description": "Please enter your input",
                  "x-ms-content-hint": "TEXT"
                }
              },
              "required": [
                "text",
                "text_1"
              ]
            }
          }
        }
      },
      "actions": {
        "Config": {
          "runAfter": {},
          "metadata": {
            "operationMetadataId": "090cdf08-3028-4b01-b9d0-b0f32eb9a4e2"
          },
          "type": "Compose",
          "inputs": {
            "clientId": "@{parameters('CoE SPN Client ID (cat_CoESPNClientID)')}",
            "tenant": "@{parameters('CoE Tenant ID (cat_CoETenantID)')}",
            "secret": "@{parameters('CoE SPN Secret (cat_CoESPNSecret)')}"
          },
          "runtimeConfiguration": {
            "secureData": {
              "properties": [
                "inputs"
              ]
            }
          }
        },
        "Get_User_ID": {
          "runAfter": {
            "Config": [
              "Succeeded"
            ]
          },
          "metadata": {
            "operationMetadataId": "217d3413-b120-4be6-8e2b-404d5860170a"
          },
          "type": "Http",
          "inputs": {
            "method": "GET",
            "uri": "@{triggerBody()['text']}/api/data/v9.2/systemusers?$top=1&$select=systemuserid&$filter=domainname eq '@{triggerBody()['text_1']}'",
            "headers": {
              "Accept": "application/json"
            },
            "authentication": {
              "type": "ActiveDirectoryOAuth",
              "authority": "https://login.microsoftonline.com",
              "tenant": "@{outputs('Config')['tenant']}",
              "audience": "@triggerBody()['text']",
              "clientId": "@{outputs('Config')['clientId']}",
              "secret": "@{outputs('Config')['secret']}"
            }
          }
        },
        "If_User_Exists": {
          "actions": {
            "List_Solutions_and_Security_Roles": {
              "runAfter": {},
              "metadata": {
                "operationMetadataId": "217d3413-b120-4be6-8e2b-404d5860170a"
              },
              "type": "Http",
              "inputs": {
                "method": "GET",
                "uri": "@{triggerBody()['text']}/api/data/v9.2/systemusers(@{first(body('Get_User_ID')['value'])['systemuserid']})/Microsoft.Dynamics.CRM.RetrieveUserPrivileges()",
                "headers": {
                  "Accept": "application/json"
                },
                "authentication": {
                  "type": "ActiveDirectoryOAuth",
                  "authority": "https://login.microsoftonline.com",
                  "tenant": "@{outputs('Config')['tenant']}",
                  "audience": "@triggerBody()['text']",
                  "clientId": "@{outputs('Config')['clientId']}",
                  "secret": "@{outputs('Config')['secret']}"
                }
              }
            }
          },
          "runAfter": {
            "Get_User_ID": [
              "Succeeded"
            ]
          },
          "expression": {
            "greater": [
              "@length(body('Get_User_ID')['value'])",
              0
            ]
          },
          "metadata": {
            "operationMetadataId": "48f67279-ee87-42ba-8715-bab1836b3af3"
          },
          "type": "If"
        },
        "Response": {
          "runAfter": {
            "If_User_Exists": [
              "Succeeded"
            ]
          },
          "metadata": {
            "operationMetadataId": "b9b62816-8ac9-432c-a1a8-ad8855bb6af0"
          },
          "type": "Response",
          "kind": "Http",
          "inputs": {
            "statusCode": 200,
            "headers": {
              "Content-Type": "application/json"
            },
            "body": "@body('List_Solutions_and_Security_Roles')?['RolePrivileges']"
          }
        }
      }
    },
    "templateName": ""
  },
  "schemaVersion": "1.0.0.0"
}