{
  "properties": {
    "connectionReferences": {},
    "definition": {
      "$schema": "https://schema.management.azure.com/providers/Microsoft.Logic/schemas/2016-06-01/workflowdefinition.json#",
      "contentVersion": "1.0.0.0",
      "parameters": {
        "$authentication": {
          "defaultValue": {},
          "type": "SecureObject"
        },
        "CoE SPN Client ID (cat_CoESPNClientID)": {
          "defaultValue": "c2cdb7be-496a-4928-9ae5-d7cd229a302e",
          "type": "String",
          "metadata": {
            "schemaName": "cat_CoESPNClientID",
            "description": "Client ID value of the COE Service Principal"
          }
        },
        "CoE SPN Secret (cat_CoESPNSecret)": {
          "defaultValue": "PM68Q~alW1l-3nusdAb.n2q01UG-42dJc7wtddlj",
          "type": "String",
          "metadata": {
            "schemaName": "cat_CoESPNSecret"
          }
        },
        "CoE Tenant ID (cat_CoETenantID)": {
          "defaultValue": "6e3d858c-c14d-403d-a559-9721783d9a54",
          "type": "String",
          "metadata": {
            "schemaName": "cat_CoETenantID"
          }
        }
      },
      "triggers": {
        "manual": {
          "metadata": {
            "operationMetadataId": "4a5d6683-3afd-4b59-bf4a-7ce838f27977"
          },
          "type": "Request",
          "kind": "Button",
          "inputs": {
            "schema": {
              "type": "object",
              "properties": {
                "text": {
                  "title": "OrgUrl",
                  "type": "string",
                  "x-ms-dynamically-added": true,
                  "description": "Please enter your input",
                  "x-ms-content-hint": "TEXT"
                },
                "text_1": {
                  "title": "RoleId",
                  "type": "string",
                  "x-ms-dynamically-added": true,
                  "description": "Please enter your input",
                  "x-ms-content-hint": "TEXT"
                }
              },
              "required": [
                "text",
                "text_1"
              ]
            }
          }
        }
      },
      "actions": {
        "Config": {
          "runAfter": {},
          "metadata": {
            "operationMetadataId": "090cdf08-3028-4b01-b9d0-b0f32eb9a4e2"
          },
          "type": "Compose",
          "inputs": {
            "clientId": "@{parameters('CoE SPN Client ID (cat_CoESPNClientID)')}",
            "tenant": "@{parameters('CoE Tenant ID (cat_CoETenantID)')}",
            "secret": "@{parameters('CoE SPN Secret (cat_CoESPNSecret)')}"
          },
          "runtimeConfiguration": {
            "secureData": {
              "properties": [
                "inputs"
              ]
            }
          }
        },
        "Get_Users_By_Role_ID": {
          "runAfter": {
            "Config": [
              "Succeeded"
            ]
          },
          "metadata": {
            "operationMetadataId": "217d3413-b120-4be6-8e2b-404d5860170a"
          },
          "type": "Http",
          "inputs": {
            "method": "GET",
            "uri": "@{triggerBody()['text']}/api/data/v9.2/roles?$select=roleid,name&$expand=systemuserroles_association($select=systemuserid,fullname,domainname)&$filter=roleid eq @{triggerBody()['text_1']}",
            "headers": {
              "Accept": "application/json"
            },
            "authentication": {
              "type": "ActiveDirectoryOAuth",
              "authority": "https://login.microsoftonline.com",
              "tenant": "@{outputs('Config')['tenant']}",
              "audience": "@triggerBody()['text']",
              "clientId": "@{outputs('Config')['clientId']}",
              "secret": "@{outputs('Config')['secret']}"
            }
          }
        },
        "Response": {
          "runAfter": {
            "Get_Users_By_Role_ID": [
              "Succeeded"
            ]
          },
          "metadata": {
            "operationMetadataId": "165b0d76-ed0c-4c3b-bdee-0699a1e85038"
          },
          "type": "Response",
          "kind": "Http",
          "inputs": {
            "statusCode": 200,
            "headers": {
              "Content-Type": "application/json"
            },
            "body": "@body('Get_Users_By_Role_ID')",
            "schema": {
              "type": "object",
              "properties": {
                "@@odata.context": {
                  "type": "string"
                },
                "value": {
                  "type": "array",
                  "items": {
                    "type": "object",
                    "properties": {
                      "@@odata.etag": {
                        "type": "string"
                      },
                      "roleid": {
                        "type": "string"
                      },
                      "name": {
                        "type": "string"
                      },
                      "systemuserroles_association": {
                        "type": "array",
                        "items": {
                          "type": "object",
                          "properties": {
                            "@@odata.etag": {
                              "type": "string"
                            },
                            "systemuserid": {
                              "type": "string"
                            },
                            "fullname": {
                              "type": "string"
                            },
                            "domainname": {
                              "type": "string"
                            },
                            "ownerid": {
                              "type": "string"
                            }
                          },
                          "required": [
                            "@@odata.etag",
                            "systemuserid",
                            "fullname",
                            "domainname",
                            "ownerid"
                          ]
                        }
                      },
                      "systemuserroles_association@odata.nextLink": {
                        "type": "string"
                      }
                    },
                    "required": [
                      "@@odata.etag",
                      "roleid",
                      "name",
                      "systemuserroles_association",
                      "systemuserroles_association@odata.nextLink"
                    ]
                  }
                }
              }
            }
          }
        }
      }
    },
    "templateName": ""
  },
  "schemaVersion": "1.0.0.0"
}