{
  "properties": {
    "connectionReferences": {
      "shared_powerplatformforadmins_1": {
        "runtimeSource": "invoker",
        "connection": {
          "connectionReferenceLogicalName": "cat_CoEToolPowerPlatform"
        },
        "api": {
          "name": "shared_powerplatformforadmins"
        }
      }
    },
    "definition": {
      "$schema": "https://schema.management.azure.com/providers/Microsoft.Logic/schemas/2016-06-01/workflowdefinition.json#",
      "contentVersion": "1.0.0.0",
      "parameters": {
        "$connections": {
          "defaultValue": {},
          "type": "Object"
        },
        "$authentication": {
          "defaultValue": {},
          "type": "SecureObject"
        }
      },
      "triggers": {
        "manual": {
          "metadata": {
            "operationMetadataId": "4c84590d-bf35-46a4-aa90-537010d7b6e0"
          },
          "type": "Request",
          "kind": "Button",
          "inputs": {
            "schema": {
              "type": "object",
              "properties": {},
              "required": []
            }
          }
        }
      },
      "actions": {
        "List_Environments_as_Admin": {
          "runAfter": {},
          "metadata": {
            "operationMetadataId": "a6c04fbe-8754-4e8e-839f-b1a0755e4171"
          },
          "type": "OpenApiConnection",
          "inputs": {
            "host": {
              "connectionName": "shared_powerplatformforadmins_1",
              "operationId": "Get-AdminEnvironment",
              "apiId": "/providers/Microsoft.PowerApps/apis/shared_powerplatformforadmins"
            },
            "parameters": {
              "api-version": "2018-10-01"
            },
            "authentication": {
              "type": "Raw",
              "value": "@json(decodeBase64(triggerOutputs().headers['X-MS-APIM-Tokens']))['$ConnectionKey']"
            }
          }
        },
        "Response": {
          "runAfter": {
            "List_Environments_as_Admin": [
              "Succeeded"
            ]
          },
          "metadata": {
            "operationMetadataId": "ace4cff7-23d4-4aaf-9df6-c6fff4b962a7"
          },
          "type": "Response",
          "kind": "Http",
          "inputs": {
            "statusCode": 200,
            "headers": {
              "Content-Type": "application/json"
            },
            "body": "@body('List_Environments_as_Admin')",
            "schema": {
              "type": "array",
              "items": {
                "type": "object",
                "properties": {
                  "id": {
                    "type": "string"
                  },
                  "type": {
                    "type": "string"
                  },
                  "location": {
                    "type": "string"
                  },
                  "name": {
                    "type": "string"
                  },
                  "properties": {
                    "type": "object",
                    "properties": {
                      "tenantId": {
                        "type": "string"
                      },
                      "azureRegionHint": {
                        "type": "string"
                      },
                      "displayName": {
                        "type": "string"
                      },
                      "createdTime": {
                        "type": "string"
                      },
                      "createdBy": {
                        "type": "object",
                        "properties": {
                          "id": {
                            "type": "string"
                          },
                          "displayName": {
                            "type": "string"
                          },
                          "email": {
                            "type": "string"
                          },
                          "type": {
                            "type": "string"
                          },
                          "tenantId": {
                            "type": "string"
                          },
                          "userPrincipalName": {
                            "type": "string"
                          }
                        }
                      },
                      "lastModifiedTime": {
                        "type": "string"
                      },
                      "provisioningState": {
                        "type": "string"
                      },
                      "creationType": {
                        "type": "string"
                      },
                      "environmentSku": {
                        "type": "string"
                      },
                      "isDefault": {
                        "type": "boolean"
                      },
                      "runtimeEndpoints": {
                        "type": "object",
                        "properties": {
                          "microsoft.BusinessAppPlatform": {
                            "type": "string"
                          },
                          "microsoft.CommonDataModel": {
                            "type": "string"
                          },
                          "microsoft.PowerApps": {
                            "type": "string"
                          },
                          "microsoft.PowerAppsAdvisor": {
                            "type": "string"
                          },
                          "microsoft.PowerVirtualAgents": {
                            "type": "string"
                          },
                          "microsoft.ApiManagement": {
                            "type": "string"
                          },
                          "microsoft.Flow": {
                            "type": "string"
                          }
                        }
                      },
                      "linkedEnvironmentMetadata": {
                        "type": "object",
                        "properties": {
                          "type": {
                            "type": "string"
                          },
                          "resourceId": {
                            "type": "string"
                          },
                          "friendlyName": {
                            "type": "string"
                          },
                          "uniqueName": {
                            "type": "string"
                          },
                          "domainName": {
                            "type": "string"
                          },
                          "version": {
                            "type": "string"
                          },
                          "instanceUrl": {
                            "type": "string"
                          },
                          "instanceApiUrl": {
                            "type": "string"
                          },
                          "baseLanguage": {
                            "type": "integer"
                          },
                          "instanceState": {
                            "type": "string"
                          },
                          "createdTime": {
                            "type": "string"
                          },
                          "modifiedTime": {
                            "type": "string"
                          },
                          "hostNameSuffix": {
                            "type": "string"
                          },
                          "bapSolutionId": {
                            "type": "string"
                          },
                          "creationTemplates": {
                            "type": "array",
                            "items": {
                              "type": "string"
                            }
                          },
                          "webApiVersion": {
                            "type": "string"
                          },
                          "backgroundOperationsState": {
                            "type": "string"
                          },
                          "scaleGroup": {
                            "type": "string"
                          },
                          "platformSku": {
                            "type": "string"
                          }
                        }
                      },
                      "trialScenarioType": {
                        "type": "string"
                      },
                      "retentionPeriod": {
                        "type": "string"
                      },
                      "states": {
                        "type": "object",
                        "properties": {
                          "management": {
                            "type": "object",
                            "properties": {
                              "id": {
                                "type": "string"
                              }
                            }
                          },
                          "runtime": {
                            "type": "object",
                            "properties": {
                              "runtimeReasonCode": {
                                "type": "string"
                              },
                              "requestedBy": {
                                "type": "object",
                                "properties": {
                                  "displayName": {
                                    "type": "string"
                                  },
                                  "type": {
                                    "type": "string"
                                  }
                                }
                              },
                              "id": {
                                "type": "string"
                              }
                            }
                          }
                        }
                      },
                      "updateCadence": {
                        "type": "object",
                        "properties": {
                          "id": {
                            "type": "string"
                          }
                        }
                      },
                      "retentionDetails": {
                        "type": "object",
                        "properties": {
                          "retentionPeriod": {
                            "type": "string"
                          },
                          "backupsAvailableFromDateTime": {
                            "type": "string"
                          }
                        }
                      },
                      "protectionStatus": {
                        "type": "object",
                        "properties": {
                          "keyManagedBy": {
                            "type": "string"
                          }
                        }
                      },
                      "cluster": {
                        "type": "object",
                        "properties": {
                          "category": {
                            "type": "string"
                          },
                          "number": {
                            "type": "string"
                          },
                          "uriSuffix": {
                            "type": "string"
                          },
                          "geoShortName": {
                            "type": "string"
                          },
                          "environment": {
                            "type": "string"
                          }
                        }
                      },
                      "connectedGroups": {
                        "type": "array"
                      },
                      "lifecycleOperationsEnforcement": {
                        "type": "object",
                        "properties": {
                          "allowedOperations": {
                            "type": "array",
                            "items": {
                              "type": "object",
                              "properties": {
                                "type": {
                                  "type": "object",
                                  "properties": {
                                    "id": {
                                      "type": "string"
                                    }
                                  }
                                }
                              },
                              "required": [
                                "type"
                              ]
                            }
                          },
                          "disallowedOperations": {
                            "type": "array",
                            "items": {
                              "type": "object",
                              "properties": {
                                "type": {
                                  "type": "object",
                                  "properties": {
                                    "id": {
                                      "type": "string"
                                    }
                                  }
                                },
                                "reason": {
                                  "type": "object",
                                  "properties": {
                                    "message": {
                                      "type": "string"
                                    }
                                  }
                                }
                              },
                              "required": [
                                "type",
                                "reason"
                              ]
                            }
                          }
                        }
                      },
                      "governanceConfiguration": {
                        "type": "object",
                        "properties": {
                          "protectionLevel": {
                            "type": "string"
                          },
                          "settings": {
                            "type": "object",
                            "properties": {
                              "extendedSettings": {
                                "type": "object",
                                "properties": {
                                  "excludeEnvironmentFromAnalysis": {
                                    "type": "string"
                                  },
                                  "isGroupSharingDisabled": {
                                    "type": "string"
                                  },
                                  "maxLimitUserSharing": {
                                    "type": "string"
                                  },
                                  "includeInHomepageInsights": {
                                    "type": "string"
                                  },
                                  "limitSharingMode": {
                                    "type": "string"
                                  },
                                  "solutionCheckerMode": {
                                    "type": "string"
                                  }
                                }
                              }
                            }
                          }
                        }
                      }
                    }
                  }
                },
                "required": [
                  "id",
                  "type",
                  "location",
                  "name",
                  "properties"
                ]
              }
            }
          }
        }
      }
    },
    "templateName": ""
  },
  "schemaVersion": "1.0.0.0"
}