<environmentvariabledefinition schemaname="cat_CoESPNClientID">
  <description default="Client ID value of the COE Service Principal">
    <label description="Client ID value of the COE Service Principal" languagecode="1033" />
  </description>
  <displayname default="CoE SPN Client ID">
    <label description="CoE SPN Client ID" languagecode="1033" />
  </displayname>
  <introducedversion>1.0.0.0</introducedversion>
  <iscustomizable>1</iscustomizable>
  <isrequired>0</isrequired>
  <secretstore>0</secretstore>
  <type>100000000</type>
</environmentvariabledefinition>