{
  "properties": {
    "connectionReferences": {},
    "definition": {
      "$schema": "https://schema.management.azure.com/providers/Microsoft.Logic/schemas/2016-06-01/workflowdefinition.json#",
      "contentVersion": "1.0.0.0",
      "parameters": {
        "$authentication": {
          "defaultValue": {},
          "type": "SecureObject"
        },
        "CoE SPN Client ID (cat_CoESPNClientID)": {
          "defaultValue": "c2cdb7be-496a-4928-9ae5-d7cd229a302e",
          "type": "String",
          "metadata": {
            "schemaName": "cat_CoESPNClientID",
            "description": "Client ID value of the COE Service Principal"
          }
        },
        "CoE SPN Secret (cat_CoESPNSecret)": {
          "defaultValue": "PM68Q~alW1l-3nusdAb.n2q01UG-42dJc7wtddlj",
          "type": "String",
          "metadata": {
            "schemaName": "cat_CoESPNSecret"
          }
        },
        "CoE Tenant ID (cat_CoETenantID)": {
          "defaultValue": "6e3d858c-c14d-403d-a559-9721783d9a54",
          "type": "String",
          "metadata": {
            "schemaName": "cat_CoETenantID"
          }
        }
      },
      "triggers": {
        "manual": {
          "metadata": {
            "operationMetadataId": "578767f7-7471-4904-9c57-d372919c5b83"
          },
          "type": "Request",
          "kind": "Button",
          "inputs": {
            "schema": {
              "type": "object",
              "properties": {
                "text": {
                  "title": "OrgUrl",
                  "type": "string",
                  "x-ms-dynamically-added": true,
                  "description": "Please enter your input",
                  "x-ms-content-hint": "TEXT"
                },
                "text_1": {
                  "title": "RoleId",
                  "type": "string",
                  "x-ms-dynamically-added": true,
                  "description": "Please enter your input",
                  "x-ms-content-hint": "TEXT"
                }
              },
              "required": [
                "text",
                "text_1"
              ]
            }
          }
        }
      },
      "actions": {
        "Config": {
          "runAfter": {},
          "metadata": {
            "operationMetadataId": "090cdf08-3028-4b01-b9d0-b0f32eb9a4e2"
          },
          "type": "Compose",
          "inputs": {
            "clientId": "@{parameters('CoE SPN Client ID (cat_CoESPNClientID)')}",
            "tenant": "@{parameters('CoE Tenant ID (cat_CoETenantID)')}",
            "secret": "@{parameters('CoE SPN Secret (cat_CoESPNSecret)')}"
          },
          "runtimeConfiguration": {
            "secureData": {
              "properties": [
                "inputs"
              ]
            }
          }
        },
        "List_Privileges_for_Security_Roles": {
          "runAfter": {
            "Config": [
              "Succeeded"
            ]
          },
          "metadata": {
            "operationMetadataId": "217d3413-b120-4be6-8e2b-404d5860170a"
          },
          "type": "Http",
          "inputs": {
            "method": "GET",
            "uri": "@{triggerBody()['text']}/api/data/v9.2/RetrieveRolePrivilegesRole(RoleId=@{triggerBody()['text_1']})",
            "headers": {
              "Accept": "application/json"
            },
            "authentication": {
              "type": "ActiveDirectoryOAuth",
              "authority": "https://login.microsoftonline.com",
              "tenant": "@{outputs('Config')['tenant']}",
              "audience": "@triggerBody()['text']",
              "clientId": "@{outputs('Config')['clientId']}",
              "secret": "@{outputs('Config')['secret']}"
            }
          }
        },
        "Response": {
          "runAfter": {
            "List_Privileges_for_Security_Roles": [
              "Succeeded"
            ]
          },
          "metadata": {
            "operationMetadataId": "ee1ab8bd-a1c7-4c0e-a46a-01c64f761c55"
          },
          "type": "Response",
          "kind": "Http",
          "inputs": {
            "statusCode": 200,
            "headers": {
              "Content-Type": "application/json"
            },
            "body": "@body('List_Privileges_for_Security_Roles')",
            "schema": {
              "type": "object",
              "properties": {
                "@@odata.context": {
                  "type": "string"
                },
                "RolePrivileges": {
                  "type": "array",
                  "items": {
                    "type": "object",
                    "properties": {
                      "Depth": {
                        "type": "string"
                      },
                      "PrivilegeId": {
                        "type": "string"
                      },
                      "BusinessUnitId": {
                        "type": "string"
                      },
                      "PrivilegeName": {
                        "type": "string"
                      },
                      "RecordFilterId": {
                        "type": "string"
                      },
                      "RecordFilterUniqueName": {
                        "type": "string"
                      }
                    },
                    "required": [
                      "Depth",
                      "PrivilegeId",
                      "BusinessUnitId",
                      "PrivilegeName",
                      "RecordFilterId",
                      "RecordFilterUniqueName"
                    ]
                  }
                }
              }
            }
          }
        }
      }
    },
    "templateName": ""
  },
  "schemaVersion": "1.0.0.0"
}