{
  "properties": {
    "connectionReferences": {},
    "definition": {
      "$schema": "https://schema.management.azure.com/providers/Microsoft.Logic/schemas/2016-06-01/workflowdefinition.json#",
      "contentVersion": "1.0.0.0",
      "parameters": {
        "$authentication": {
          "defaultValue": {},
          "type": "SecureObject"
        },
        "CoE SPN Client ID (cat_CoESPNClientID)": {
          "defaultValue": "c2cdb7be-496a-4928-9ae5-d7cd229a302e",
          "type": "String",
          "metadata": {
            "schemaName": "cat_CoESPNClientID",
            "description": "Client ID value of the COE Service Principal"
          }
        },
        "CoE SPN Secret (cat_CoESPNSecret)": {
          "defaultValue": "PM68Q~alW1l-3nusdAb.n2q01UG-42dJc7wtddlj",
          "type": "String",
          "metadata": {
            "schemaName": "cat_CoESPNSecret"
          }
        },
        "CoE Tenant ID (cat_CoETenantID)": {
          "defaultValue": "6e3d858c-c14d-403d-a559-9721783d9a54",
          "type": "String",
          "metadata": {
            "schemaName": "cat_CoETenantID"
          }
        }
      },
      "triggers": {
        "manual": {
          "metadata": {
            "operationMetadataId": "95e7d593-c188-487c-8d87-2a615894b8b5"
          },
          "type": "Request",
          "kind": "Button",
          "inputs": {
            "schema": {
              "type": "object",
              "properties": {
                "text_1": {
                  "title": "OrgUrl",
                  "type": "string",
                  "x-ms-dynamically-added": true,
                  "description": "Please enter your input",
                  "x-ms-content-hint": "TEXT"
                }
              },
              "required": [
                "text_1"
              ]
            }
          }
        }
      },
      "actions": {
        "Config": {
          "runAfter": {},
          "metadata": {
            "operationMetadataId": "090cdf08-3028-4b01-b9d0-b0f32eb9a4e2"
          },
          "type": "Compose",
          "inputs": {
            "clientId": "@{parameters('CoE SPN Client ID (cat_CoESPNClientID)')}",
            "tenant": "@{parameters('CoE Tenant ID (cat_CoETenantID)')}",
            "secret": "@{parameters('CoE SPN Secret (cat_CoESPNSecret)')}"
          },
          "runtimeConfiguration": {
            "secureData": {
              "properties": [
                "inputs"
              ]
            }
          }
        },
        "List_Solutions_and_Security_Roles": {
          "runAfter": {
            "Config": [
              "Succeeded"
            ]
          },
          "metadata": {
            "operationMetadataId": "217d3413-b120-4be6-8e2b-404d5860170a"
          },
          "type": "Http",
          "inputs": {
            "method": "GET",
            "uri": "@{triggerBody()['text_1']}/api/data/v9.2/solutions?$select=solutionid,friendlyname,uniquename,createdon,version,ismanaged&$expand=createdby($select=fullname),solution_role($select=roleid,name),publisherid($select=publisherid,friendlyname,uniquename)&$filter=createdby/fullname ne 'SYSTEM' ",
            "headers": {
              "Accept": "application/json"
            },
            "authentication": {
              "type": "ActiveDirectoryOAuth",
              "authority": "https://login.microsoftonline.com",
              "tenant": "@{outputs('Config')['tenant']}",
              "audience": "@triggerBody()['text_1']",
              "clientId": "@{outputs('Config')['clientId']}",
              "secret": "@{outputs('Config')['secret']}"
            }
          }
        },
        "Response": {
          "runAfter": {
            "List_Solutions_and_Security_Roles": [
              "Succeeded"
            ]
          },
          "metadata": {
            "operationMetadataId": "5880e32b-7dfd-4758-a9c7-be7882b572f9"
          },
          "type": "Response",
          "kind": "Http",
          "inputs": {
            "statusCode": 200,
            "headers": {
              "Content-Type": "application/json"
            },
            "body": "@body('List_Solutions_and_Security_Roles')",
            "schema": {
              "type": "object",
              "properties": {
                "@@odata.context": {
                  "type": "string"
                },
                "value": {
                  "type": "array",
                  "items": {
                    "type": "object",
                    "properties": {
                      "@@odata.etag": {
                        "type": "string"
                      },
                      "solutionid": {
                        "type": "string"
                      },
                      "friendlyname": {
                        "type": "string"
                      },
                      "uniquename": {
                        "type": "string"
                      },
                      "createdon": {
                        "type": "string"
                      },
                      "version": {
                        "type": "string"
                      },
                      "ismanaged": {
                        "type": "boolean"
                      },
                      "createdby": {
                        "type": "object",
                        "properties": {
                          "fullname": {
                            "type": "string"
                          },
                          "systemuserid": {
                            "type": "string"
                          },
                          "ownerid": {
                            "type": "string"
                          }
                        }
                      },
                      "solution_role": {
                        "type": "array"
                      },
                      "solution_role@odata.nextLink": {
                        "type": "string"
                      },
                      "publisherid": {
                        "type": "object",
                        "properties": {
                          "publisherid": {
                            "type": "string"
                          },
                          "friendlyname": {
                            "type": "string"
                          },
                          "uniquename": {
                            "type": "string"
                          }
                        }
                      }
                    },
                    "required": [
                      "@@odata.etag",
                      "solutionid",
                      "friendlyname",
                      "uniquename",
                      "createdon",
                      "version",
                      "ismanaged",
                      "createdby",
                      "solution_role",
                      "solution_role@odata.nextLink",
                      "publisherid"
                    ]
                  }
                }
              }
            }
          }
        }
      }
    },
    "templateName": ""
  },
  "schemaVersion": "1.0.0.0"
}