{
  "properties": {
    "connectionReferences": {
      "shared_powerplatformforadmins_1": {
        "runtimeSource": "invoker",
        "connection": {
          "connectionReferenceLogicalName": "new_sharedpowerplatformforadmins_6bed5"
        },
        "api": {
          "name": "shared_powerplatformforadmins"
        }
      },
      "shared_powerplatformforadmins": {
        "runtimeSource": "invoker",
        "connection": {
          "connectionReferenceLogicalName": "cat_sharedpowerplatformforadmins_d5271"
        },
        "api": {
          "name": "shared_powerplatformforadmins"
        }
      },
      "shared_webcontents": {
        "runtimeSource": "invoker",
        "connection": {
          "connectionReferenceLogicalName": "cat_CoEToolHTTPwithAD"
        },
        "api": {
          "name": "shared_webcontents"
        }
      }
    },
    "definition": {
      "$schema": "https://schema.management.azure.com/providers/Microsoft.Logic/schemas/2016-06-01/workflowdefinition.json#",
      "contentVersion": "1.0.0.0",
      "parameters": {
        "$connections": {
          "defaultValue": {},
          "type": "Object"
        },
        "$authentication": {
          "defaultValue": {},
          "type": "SecureObject"
        },
        "CoE SPN Client ID (cat_CoESPNClientID)": {
          "defaultValue": "c2cdb7be-496a-4928-9ae5-d7cd229a302e",
          "type": "String",
          "metadata": {
            "schemaName": "cat_CoESPNClientID",
            "description": "Client ID value of the COE Service Principal"
          }
        },
        "CoE SPN Secret (cat_CoESPNSecret)": {
          "defaultValue": "PM68Q~alW1l-3nusdAb.n2q01UG-42dJc7wtddlj",
          "type": "String",
          "metadata": {
            "schemaName": "cat_CoESPNSecret"
          }
        },
        "CoE Tenant ID (cat_CoETenantID)": {
          "defaultValue": "6e3d858c-c14d-403d-a559-9721783d9a54",
          "type": "String",
          "metadata": {
            "schemaName": "cat_CoETenantID"
          }
        }
      },
      "triggers": {
        "manual": {
          "metadata": {
            "operationMetadataId": "ef5b31c5-6e43-4eaf-8401-c1a6ac6cb0b7"
          },
          "type": "Request",
          "kind": "Button",
          "inputs": {
            "schema": {
              "type": "object",
              "properties": {
                "text": {
                  "title": "Environment Name",
                  "type": "string",
                  "x-ms-dynamically-added": true,
                  "description": "Please enter your input",
                  "x-ms-content-hint": "TEXT"
                }
              },
              "required": [
                "text"
              ]
            }
          }
        }
      },
      "actions": {
        "Create_Environment": {
          "runAfter": {
            "Config_Data": [
              "Succeeded"
            ]
          },
          "metadata": {
            "operationMetadataId": "48b62d1a-9cb1-43fb-8f51-3b7ea1112aec"
          },
          "type": "OpenApiConnection",
          "inputs": {
            "host": {
              "connectionName": "shared_powerplatformforadmins_1",
              "operationId": "NewAdminEnvironment",
              "apiId": "/providers/Microsoft.PowerApps/apis/shared_powerplatformforadmins"
            },
            "parameters": {
              "api-version": "2020-05-01",
              "body/location": "australia",
              "body/properties/displayName": "@triggerBody()['text']",
              "body/properties/environmentSku": "Trial"
            },
            "authentication": {
              "type": "Raw",
              "value": "@json(decodeBase64(triggerOutputs().headers['X-MS-APIM-Tokens']))['$ConnectionKey']"
            }
          }
        },
        "Config_Data": {
          "runAfter": {},
          "metadata": {
            "operationMetadataId": "b1d98d5c-e0bd-4aaa-9a05-0444af0edd66"
          },
          "type": "Compose",
          "inputs": {
            "clientId": "@{parameters('CoE SPN Client ID (cat_CoESPNClientID)')}",
            "tenant": "@{parameters('CoE Tenant ID (cat_CoETenantID)')}",
            "secret": "@{parameters('CoE SPN Secret (cat_CoESPNSecret)')}"
          },
          "runtimeConfiguration": {
            "secureData": {
              "properties": [
                "inputs"
              ]
            }
          }
        },
        "Create_CDS_Database": {
          "runAfter": {
            "Create_Environment": [
              "Succeeded"
            ]
          },
          "metadata": {
            "operationMetadataId": "dd7bae16-c5e9-4107-a9b9-8efe46b928a4"
          },
          "type": "OpenApiConnection",
          "inputs": {
            "host": {
              "connectionName": "shared_powerplatformforadmins",
              "operationId": "ProvisionInstance",
              "apiId": "/providers/Microsoft.PowerApps/apis/shared_powerplatformforadmins"
            },
            "parameters": {
              "environment": "@outputs('Create_Environment')?['body/name']"
            },
            "authentication": {
              "type": "Raw",
              "value": "@json(decodeBase64(triggerOutputs().headers['X-MS-APIM-Tokens']))['$ConnectionKey']"
            }
          }
        },
        "Invoke_an_HTTP_request": {
          "runAfter": {
            "Create_CDS_Database": [
              "Succeeded"
            ]
          },
          "metadata": {
            "operationMetadataId": "676bb1bb-201b-44e7-9210-0eac25ac291a"
          },
          "type": "OpenApiConnection",
          "inputs": {
            "host": {
              "connectionName": "shared_webcontents",
              "operationId": "InvokeHttp",
              "apiId": "/providers/Microsoft.PowerApps/apis/shared_webcontents"
            },
            "parameters": {
              "request/method": "POST",
              "request/url": "https://api.bap.microsoft.com/providers/Microsoft.BusinessAppPlatform/scopes/admin/environments/@{outputs('Create_Environment')?['body/name']}/addAppUser?api-version=2020-10-01",
              "request/headers": {
                "Accept": "application/json"
              },
              "request/body": "{ \"servicePrincipalAppId\": \"@{outputs('Config_Data')['appId']}\" }"
            },
            "authentication": {
              "type": "Raw",
              "value": "@json(decodeBase64(triggerOutputs().headers['X-MS-APIM-Tokens']))['$ConnectionKey']"
            }
          }
        }
      }
    },
    "templateName": ""
  },
  "schemaVersion": "1.0.0.0"
}